puzzle_id,algorithm,grid_size,difficulty,time_ms,nodes_explored,nodes_generated,memory_kb,solution_found,assignments,backtracks,constraint_checks,timed_out,error
futoshiki_4x4_easy,Backtracking,4x4,easy,0.28,0,0,32.0,True,0,0,0,False,
futoshiki_4x4_easy,A*,4x4,easy,0.38,9,9,12.0,True,14,6,14,False,
futoshiki_4x4_easy,ForwardChaining,4x4,easy,27.2,2,0,528.0,True,0,0,0,False,
futoshiki_4x4_easy,FCNoHeuristics,4x4,easy,26.51,2,0,64.0,True,0,0,0,False,
futoshiki_4x4_easy,BruteForce,4x4,easy,0.12,10,40,0,True,10,10,151,False,
futoshiki_4x4_hard,Backtracking,4x4,hard,0.47,1,2,4.0,True,2,2,0,False,
futoshiki_4x4_hard,A*,4x4,hard,2.23,82,84,12.0,True,135,52,135,False,
futoshiki_4x4_hard,ForwardChaining,4x4,hard,178.14,37,53,1320.0,True,35,29,288,False,
futoshiki_4x4_hard,FCNoHeuristics,4x4,hard,236.4,52,70,40.0,True,50,45,320,False,
futoshiki_4x4_hard,BruteForce,4x4,hard,1.16,357,1428,0,True,357,357,5704,False,
futoshiki_4x4_medium,Backtracking,4x4,medium,0.23,0,0,4.0,True,0,0,0,False,
futoshiki_4x4_medium,A*,4x4,medium,0.4,9,9,0,True,11,3,11,False,
futoshiki_4x4_medium,ForwardChaining,4x4,medium,23.76,2,0,0,True,0,0,0,False,
futoshiki_4x4_medium,FCNoHeuristics,4x4,medium,23.74,2,0,0,True,0,0,0,False,
futoshiki_4x4_medium,BruteForce,4x4,medium,0.15,17,68,0,True,17,17,269,False,
futoshiki_5x5_easy,Backtracking,5x5,easy,0.35,0,0,0,True,0,0,0,False,
futoshiki_5x5_easy,A*,5x5,easy,0.74,11,11,4.0,True,26,16,26,False,
futoshiki_5x5_easy,ForwardChaining,5x5,easy,109.48,2,0,12.0,True,0,0,0,False,
futoshiki_5x5_easy,FCNoHeuristics,5x5,easy,101.24,2,0,0,True,0,0,0,False,
futoshiki_5x5_easy,BruteForce,5x5,easy,0.09,9,45,0,True,9,9,198,False,
futoshiki_5x5_hard,Backtracking,5x5,hard,0.72,1,2,0,True,2,2,0,False,
futoshiki_5x5_hard,A*,5x5,hard,6.12,162,163,4.0,True,239,77,239,False,
futoshiki_5x5_hard,ForwardChaining,5x5,hard,2451.95,213,314,4208.0,True,211,203,2575,False,
futoshiki_5x5_hard,FCNoHeuristics,5x5,hard,5600.23,349,503,396.0,True,347,338,3900,False,
futoshiki_5x5_hard,BruteForce,5x5,hard,9.32,593,2965,0,True,593,593,15724,False,
futoshiki_5x5_medium,Backtracking,5x5,medium,1.17,0,0,0,True,0,0,0,False,
futoshiki_5x5_medium,A*,5x5,medium,4.51,13,13,0,True,23,11,23,False,
futoshiki_5x5_medium,ForwardChaining,5x5,medium,480.19,2,0,112.0,True,0,0,0,False,
futoshiki_5x5_medium,FCNoHeuristics,5x5,medium,311.23,2,0,0,True,0,0,0,False,
futoshiki_5x5_medium,BruteForce,5x5,medium,0.39,23,115,0,True,23,23,570,False,
futoshiki_6x6_easy,Backtracking,6x6,easy,1.02,0,0,0,True,0,0,0,False,
futoshiki_6x6_easy,A*,6x6,easy,2.48,10,10,0,True,28,19,28,False,
futoshiki_6x6_easy,ForwardChaining,6x6,easy,1084.75,2,0,72.0,True,0,0,0,False,
futoshiki_6x6_easy,FCNoHeuristics,6x6,easy,1292.45,2,0,0,True,0,0,0,False,
futoshiki_6x6_easy,BruteForce,6x6,easy,0.24,9,54,0,True,9,9,258,False,
futoshiki_6x6_hard,Backtracking,6x6,hard,1.46,0,0,0,True,0,0,0,False,
futoshiki_6x6_hard,A*,6x6,hard,26.21,142,142,240.0,True,286,145,286,False,
futoshiki_6x6_hard,ForwardChaining,6x6,hard,1549.79,33,49,0,True,31,25,648,False,
futoshiki_6x6_hard,FCNoHeuristics,6x6,hard,1425.76,21,27,32.0,True,19,16,288,False,
futoshiki_6x6_hard,BruteForce,6x6,hard,18.23,1357,8142,0,True,1357,1357,42586,False,
futoshiki_6x6_medium,Backtracking,6x6,medium,1.42,0,0,0,True,0,0,0,False,
futoshiki_6x6_medium,A*,6x6,medium,3.75,18,18,0,True,47,30,47,False,
futoshiki_6x6_medium,ForwardChaining,6x6,medium,1135.54,2,0,0,True,0,0,0,False,
futoshiki_6x6_medium,FCNoHeuristics,6x6,medium,1091.87,2,0,0,True,0,0,0,False,
futoshiki_6x6_medium,BruteForce,6x6,medium,0.4,23,138,0,True,23,23,695,False,
futoshiki_7x7_easy,Backtracking,7x7,easy,1.66,0,0,0,True,0,0,0,False,
futoshiki_7x7_easy,A*,7x7,easy,2.34,11,12,0,True,41,30,41,False,
futoshiki_7x7_easy,ForwardChaining,7x7,easy,2891.68,2,0,792.0,True,0,0,0,False,
futoshiki_7x7_easy,FCNoHeuristics,7x7,easy,2679.56,2,0,0,True,0,0,0,False,
futoshiki_7x7_easy,BruteForce,7x7,easy,0.35,10,70,0,True,10,10,360,False,
futoshiki_7x7_hard,Backtracking,7x7,hard,10.07,3,6,0,True,6,6,0,False,
futoshiki_7x7_hard,A*,7x7,hard,1764.57,8329,8330,45344.0,True,17111,8782,17111,False,
futoshiki_7x7_hard,ForwardChaining,7x7,hard,19991.06,402,601,536.0,True,400,393,9849,False,
futoshiki_7x7_hard,FCNoHeuristics,7x7,hard,77694.94,1531,2126,0,True,1529,1522,29253,False,
futoshiki_7x7_hard,BruteForce,7x7,hard,504.11,35100,245700,0,True,35100,35100,1543863,False,
futoshiki_7x7_medium,Backtracking,7x7,medium,2.14,0,0,12.0,True,0,0,0,False,
futoshiki_7x7_medium,A*,7x7,medium,3.24,20,20,20.0,True,50,31,50,False,
futoshiki_7x7_medium,ForwardChaining,7x7,medium,2645.59,2,0,968.0,True,0,0,0,False,
futoshiki_7x7_medium,FCNoHeuristics,7x7,medium,2576.34,2,0,0,True,0,0,0,False,
futoshiki_7x7_medium,BruteForce,7x7,medium,0.54,20,140,0,True,20,20,803,False,
futoshiki_9x9_easy,Backtracking,9x9,easy,4.78,0,0,0,True,0,0,0,False,
futoshiki_9x9_easy,A*,9x9,easy,17.09,33,34,0,True,110,77,110,False,
futoshiki_9x9_easy,ForwardChaining,9x9,easy,16879.36,2,0,0,True,0,0,0,False,
futoshiki_9x9_easy,FCNoHeuristics,9x9,easy,15814.97,2,0,0,True,0,0,0,False,
futoshiki_9x9_easy,BruteForce,9x9,easy,1.36,41,369,0,True,41,41,2630,False,
futoshiki_9x9_hard,Backtracking,9x9,hard,36.3,8,16,0,True,16,16,0,False,
futoshiki_9x9_hard,A*,9x9,hard,84491.66,258892,258903,2844352.0,True,643443,384541,643443,False,
futoshiki_9x9_hard,ForwardChaining,9x9,hard,73515.68,402,605,0,True,400,382,16605,False,
futoshiki_9x9_hard,FCNoHeuristics,9x9,hard,321065.76,1955,2685,0,True,1953,1938,59292,True,
futoshiki_9x9_hard,BruteForce,9x9,hard,10923.84,954688,8592192,4.0,True,954688,954688,65284479,False,
futoshiki_9x9_medium,Backtracking,9x9,medium,2.53,0,0,32.0,True,0,0,0,False,
futoshiki_9x9_medium,A*,9x9,medium,6.1,55,58,136.0,True,171,114,171,False,
futoshiki_9x9_medium,ForwardChaining,9x9,medium,8432.41,2,0,460.0,True,0,0,0,False,
futoshiki_9x9_medium,FCNoHeuristics,9x9,medium,7946.42,2,0,0,True,0,0,0,False,
futoshiki_9x9_medium,BruteForce,9x9,medium,2.73,305,2745,0,True,305,305,20720,False,
futoshiki_4x4_easy,BackwardChaining,4x4,medium,3.2,294,80,0,True,64,8,212,False,
futoshiki_4x4_hard,BackwardChaining,4x4,hard,89.09,8010,1376,0,True,1374,656,6632,False,
futoshiki_4x4_medium,BackwardChaining,4x4,easy,2.63,248,64,0,True,54,0,182,False,
futoshiki_5x5_easy,BackwardChaining,5x5,medium,53.1,4379,746,0,False,746,373,3634,False,
futoshiki_5x5_hard,BackwardChaining,5x5,easy,5.6,284,100,0,True,68,0,182,False,
futoshiki_5x5_medium,BackwardChaining,5x5,hard,267.92,21334,2896,0,True,2894,1398,18436,False,
futoshiki_6x6_easy,BackwardChaining,6x6,medium,7.59,374,104,0,True,80,2,268,False,
futoshiki_6x6_hard,BackwardChaining,6x6,easy,5.0,350,144,0,True,90,0,204,False,
futoshiki_6x6_medium,BackwardChaining,6x6,hard,926.98,97224,13940,0,True,13922,6898,83282,False,
futoshiki_7x7_easy,BackwardChaining,7x7,medium,13.63,644,172,0,True,136,14,470,False,
futoshiki_7x7_hard,BackwardChaining,7x7,hard,90.18,4599,658,0,False,658,329,3942,False,
futoshiki_7x7_medium,BackwardChaining,7x7,easy,7.89,472,196,0,True,118,0,274,False,
futoshiki_9x9_easy,BackwardChaining,9x9,hard,197500.77,19403976,2495272,0,True,2495252,1247538,16908702,False,
futoshiki_9x9_hard,BackwardChaining,9x9,medium,11.4,624,196,0,True,136,0,426,False,
futoshiki_9x9_medium,BackwardChaining,9x9,easy,0.6,23,2,0,False,2,1,22,False,
